"metric","rule_baseline","llm","delta","note"
"intent_accuracy","47.50%","95.00%","+47.50pp","意图集总准确率"
"easy_intent_accuracy","84.48%","96.55%","+12.07pp","意图 easy 子集"
"hard_intent_accuracy","12.90%","93.55%","+80.65pp","意图 hard 子集，最能体现改写/隐含表达差距"
"next_action_accuracy","56.88%","51.25%","-5.63pp","意图集+紧急集"
"emergency_recall","50.00%","100.00%","+50.00pp","真实紧急样本命中率"
"emergency_false_positive_rate","5.00%","15.00%","+10.00pp","真实非紧急被误判紧急比例"
"llm_success_rate","n/a","100.00%","n/a","160/160 条成功解析"
"llm_latency_median_ms","n/a","3697.28","n/a","真实 LLM HTTP 调用中位耗时"
"llm_latency_p95_ms","n/a","6234.10","n/a","真实 LLM HTTP 调用 p95 耗时"
